Species,p_obs,p_true,Observed,Mutation
Acinetobacter baylyi,0.56632,0.7530049994681418,0,rpoB_Q148R
Bacillus anthracis,0.44824,0.5960004254866503,0,rpoB_Q148R
Bacillus cereus,0.38208,0.508031060525476,0,rpoB_Q148R
Bacillus subtilis,0.43384,0.575091730471484,0,rpoB_S574Y
Bacillus subtilis Strain,0.1916,0.2547601319008616,0,rpoB_Q148R
Bacillus velezensis,0.34936,0.46452505052653975,0,rpoB_Q148R
Brucella abortus,0.21112,0.2807148175725987,0,rpoB_Q148R
Brucella melitensis,0.30656,0.4076162110413786,0,rpoB_Q148R
Brucella suis,0.22304,0.2965641952983725,0,rpoB_Q148R
Burkholderia vietnamiensis,0.39504,0.525263269864908,0,rpoB_Q148R
Chlamydophila pneumoniae,0.27704,0.3683650675460058,0,rpoB_Q148R
Cutibacterium acnes,0.25168,0.33464525050526545,0,rpoB_Q148R
Cutibacterium acnes,0.22336,0.2960826316570871,0,rpoB_S574Y
Deinococcus radiodurans,0.67304,0.8949047973619828,0,rpoB_Q148R
Deinococcus radiodurans,0.74624,0.8431624618351278,0,rpoB_S512P
Deinococcus radiodurans,0.71064,0.8150870682272338,0,rpoB_S512F
Enterococcus faecalis,0.39024,0.5188809701095628,0,rpoB_Q148R
Enterococcus faecium,0.5625600000000001,0.7480055313264548,0,rpoB_Q148R
Enterococcus faecium,0.50104,0.6641710322594329,0,rpoB_S574Y
Escherichia coli,0.81744000000000006,0.965289211584658,0,rpoB_S574F
Escherichia coli,0.70424,0.9363897457717264,0,rpoB_Q148R
Escherichia coli,0.71704,0.885905376910912,0,rpoB_L533H
Escherichia coli YA1461,0.19104,0.25401553026273804,0,rpoB_Q148R
Helicobacter pylori ATCC,0.39736,0.5283480480799915,0,rpoB_Q148R
Lactiplantibacillus plantarum,0.34592,0.45995106903520905,0,rpoB_Q148R
Lactiplantibacillus plantarum,0.36304,0.448537163943068,0,rpoB_L533H
Legionella bozemanii,0.19032,0.25305818529943624,0,rpoB_Q148R
Legionella longbeachae,0.2672,0.35528135304754815,0,rpoB_Q148R
Legionella micdadei,0.19096,0.2539091586001489,0,rpoB_Q148R
Listeria monocytogenes,0.26256,0.3491117966173812,0,rpoB_Q148R
Mycobacterium avium,0.1916,0.2547601319008616,0,rpoB_Q148R
Mycobacterium tuberculosis,0.42304,0.5624933517710883,0,rpoB_Q148R
Mycobacterium tuberculosis,0.31936,0.4233387770684426,0,rpoB_S574Y
Mycolicibacterium smegmatis,0.29184,0.3880438251249867,0,rpoB_Q148R
Neisseria meningitidis,0.25728,0.3420912668865015,0,rpoB_Q148R
Paenibacillus agaridevorans,0.19152,0.2546537602382725,0,rpoB_Q148R
Pseudomonas aeruginosa,0.65568,0.788304318553429,0,rpoB_G534D
Pseudomonas aeruginosa,0.61344,0.7579072219293621,0,rpoB_L533H
Pseudomonas fluorescens,0.54616,0.7261993404956919,0,rpoB_Q148R
Pseudomonas fulva,0.60496,0.8043825124986704,0,rpoB_Q148R
Pseudomonas fulva,0.63808,0.7883500263574064,0,rpoB_L533H
Pseudomonas mendocina,0.72576,0.8200224971878515,0,rpoB_S512P
Pseudomonas mendocina,0.58104,0.6861318794029528,0,rpoB_S574F
Pseudomonas protegens,0.48,0.6382299755345177,0,rpoB_Q148R
Pseudomonas protegens,0.512,0.600375234521576,0,rpoB_I572S
Pseudomonas putida,0.6900000000000001,0.9174555898308692,0,rpoB_Q148R
Pseudomonas putida,0.70056,0.8655442804428043,0,rpoB_L533H
Pseudomonas putida,0.6644,0.7790806754221388,0,rpoB_I572S
Pseudomonas putida,0.55528,0.7360707544168487,0,rpoB_S574Y
Pseudomonas stutzeri,0.1844,0.24518668226784388,0,rpoB_Q148R
Rhodothermus marinus,0.18752,0.24933517710881825,0,rpoB_Q148R
Riemerella anatipestifer,0.46592,0.6195085629188385,0,rpoB_Q148R
Salmonella enterica,0.81384,1,0,rpoB_Q148R
Salmonella typhimurium,0.18976,0.2523135836613127,0,rpoB_Q148R
Shewanella decolorationis,0.18512,0.24614402723114565,0,rpoB_Q148R
Staphylococcus aureus,0.56896,0.7565152643335816,0,rpoB_Q148R
Staphylococcus aureus,0.53976,0.7154976775753462,0,rpoB_S574Y
Streptococcus pneumoniae,0.18048,0.23997447080097864,0,rpoB_Q148R
Streptomyces coelicolor,0.1928,0.25635570683969794,0,rpoB_Q148R
Streptomyces lividans,0.38912,0.5173917668333157,0,rpoB_Q148R
Stutzerimonas stutzeri,0.75088,0.8612413849353614,0,rpoB_S512F
Stutzerimonas stutzeri,0.63464,0.8438463993192213,0,rpoB_Q148R
Stutzerimonas stutzeri,0.70848,0.8366217711679127,0,rpoB_S574F
Vibrio parahaemolyticus,0.21832,0.29028826720561646,0,rpoB_Q148R
Vibrio vulnificus,0.23704,0.3151792362514626,0,rpoB_Q148R
