Species,p_obs,p_true,Observed,Mutation
Salmonella enterica,0.81384,1,0,rpoB_Q148R
Escherichia coli,0.81744000000000006,0.965289211584658,0,rpoB_S574F
Escherichia coli,0.70424,0.9363897457717264,0,rpoB_Q148R
Pseudomonas putida,0.6900000000000001,0.9174555898308692,0,rpoB_Q148R
Deinococcus radiodurans,0.67304,0.8949047973619828,0,rpoB_Q148R
Escherichia coli,0.71704,0.885905376910912,0,rpoB_L533H
Pseudomonas putida,0.70056,0.8655442804428043,0,rpoB_L533H
Stutzerimonas stutzeri,0.75088,0.8612413849353614,0,rpoB_S512F
Stutzerimonas stutzeri,0.63464,0.8438463993192213,0,rpoB_Q148R
Deinococcus radiodurans,0.74624,0.8431624618351278,0,rpoB_S512P
Escherichia coli,0.71648,0.8401500938086304,0,rpoB_I572S
Stutzerimonas stutzeri,0.70848,0.8366217711679127,0,rpoB_S574F
Pseudomonas mendocina,0.72576,0.8200224971878515,0,rpoB_S512P
Deinococcus radiodurans,0.71064,0.8150870682272338,0,rpoB_S512F
Pseudomonas fulva,0.60496,0.8043825124986704,0,rpoB_Q148R
Pseudomonas fulva,0.63808,0.7883500263574064,0,rpoB_L533H
Pseudomonas aeruginosa,0.65568,0.788304318553429,0,rpoB_G534D
Pseudomonas putida,0.6644,0.7790806754221388,0,rpoB_I572S
Pseudomonas aeruginosa,0.61344,0.7579072219293621,0,rpoB_L533H
Staphylococcus aureus,0.56896,0.7565152643335816,0,rpoB_Q148R
Acinetobacter baylyi,0.56632,0.7530049994681418,0,rpoB_Q148R
Deinococcus radiodurans,0.56448,0.7482661350187702,0,rpoB_S574Y
Enterococcus faecium,0.5625600000000001,0.7480055313264548,0,rpoB_Q148R
Deinococcus radiodurans,0.63192,0.7462144727253097,0,rpoB_S574F
Pseudomonas putida,0.55528,0.7360707544168487,0,rpoB_S574Y
Pseudomonas fluorescens,0.54616,0.7261993404956919,0,rpoB_Q148R
Staphylococcus aureus,0.53976,0.7154976775753462,0,rpoB_S574Y
Deinococcus radiodurans,0.56968,0.7038415919873484,0,rpoB_L533H
